police_station,h3_cell,location_name,lat,lon,priority_rank,priority_score,CIS,predicted_risk,trend_direction,hotspot_status,recommended_shift,peak_hour,bpr_delay,violation_count,reasoning
Adugodi,89618925123ffff,Adugodi / Cell-23ffff,12.93257742425532,77.63155460404255,1,4.9,19.3,25.1,RISING,EMERGING,night_shift,2:00,0.07,470,Violations RISING — proactive enforcement needed
Adugodi,896189258dbffff,Adugodi / Cell-dbffff,12.94190218,77.61392946,2,4.8,22.0,22.0,STABLE,NOT_HOTSPOT,morning_shift,2:00,0.11,5,Standard priority zone
Adugodi,89618925e03ffff,Adugodi / Cell-03ffff,12.94771885,77.62249205,3,3.6,18.9,18.9,STABLE,NOT_HOTSPOT,morning_shift,12:00,0.11,2,Standard priority zone
Adugodi,89618925133ffff,Adugodi / Cell-33ffff,12.931012921100915,77.63294650550459,4,2.8,14.8,19.2,RISING,EMERGING,morning_shift,11:00,0.07,109,Violations RISING — proactive enforcement needed
Adugodi,896189258d3ffff,Adugodi / Cell-d3ffff,12.9401336,77.614233,5,2.8,18.8,15.0,UNKNOWN,NOT_HOTSPOT,night_shift,4:00,0.11,2,Standard priority zone
Ashok Nagar,89618925a4fffff,Ashok Nagar / Cell-4fffff,12.973437534375,77.6087324078125,1,9.2,26.6,34.6,RISING,EMERGING,morning_shift,10:00,0.11,256,Violations RISING — proactive enforcement needed
Ashok Nagar,89618925a23ffff,Ashok Nagar / Cell-23ffff,12.962185600683762,77.59880388239317,2,8.2,28.6,28.6,STABLE,EMERGING,night_shift,4:00,0.11,585,36 repeat offenders identified
Ashok Nagar,89618925a27ffff,Ashok Nagar / Cell-27ffff,12.962027366336631,77.59624987128713,3,7.0,26.5,26.5,STABLE,EMERGING,night_shift,3:00,0.11,303,25 repeat offenders identified
Ashok Nagar,89618925a2bffff,Ashok Nagar / Cell-2bffff,12.966906830555557,77.59962929027778,4,6.9,23.0,29.9,RISING,EMERGING,morning_shift,6:00,0.11,72,Violations RISING — proactive enforcement needed
Ashok Nagar,8961892584bffff,Ashok Nagar / Cell-4bffff,12.951586756862746,77.60757632254902,5,6.7,25.9,25.9,STABLE,EMERGING,morning_shift,10:00,0.07,102,8 repeat offenders identified
Banashankari,8960145a0afffff,Banashankari / Cell-afffff,12.934981424038462,77.53649808750001,1,9.2,30.3,30.3,STABLE,EMERGING,night_shift,2:00,0.11,208,20 repeat offenders identified
Banashankari,8960145a43bffff,Banashankari / Cell-3bffff,12.9262217,77.5546533,2,7.5,30.6,24.5,UNKNOWN,NOT_HOTSPOT,night_shift,3:00,0.11,1,Heavy vehicles dominant (HGV)
Banashankari,8960145a47bffff,Banashankari / Cell-7bffff,12.933995,77.5586917,3,7.5,30.6,24.5,UNKNOWN,NOT_HOTSPOT,night_shift,2:00,0.11,1,Heavy vehicles dominant (HGV)
Banashankari,8960145a01bffff,Banashankari / Cell-1bffff,12.942731,77.5466261,4,6.7,28.9,23.1,UNKNOWN,NOT_HOTSPOT,morning_shift,8:00,0.07,1,Heavy vehicles dominant (LORRY/GOODS VEHICLE) | Peak hour concentration (100%)
Banashankari,89618925933ffff,Banashankari / Cell-33ffff,12.9307753,77.5753485,5,6.5,28.5,22.8,UNKNOWN,NOT_HOTSPOT,morning_shift,9:00,0.11,1,Peak hour concentration (100%)
Banaswadi,8961892ec1bffff,Banaswadi / Cell-1bffff,12.979863108791209,77.65244215934067,1,13.4,36.6,36.6,STABLE,EMERGING,morning_shift,5:00,0.08,91,Standard priority zone
Banaswadi,8961892ee5bffff,Banaswadi / Cell-5bffff,13.0104198,77.6619719,2,13.2,40.6,32.5,UNKNOWN,NOT_HOTSPOT,morning_shift,9:00,0.11,1,Moderate congestion impact (CIS=41/100) | Heavy vehicles dominant (HGV) | Peak hour concentration (100%)
Banaswadi,8961892ee9bffff,Banaswadi / Cell-9bffff,12.993348765109891,77.66190939230769,3,6.2,21.9,28.4,RISING,EMERGING,morning_shift,14:00,0.05,364,Violations RISING — proactive enforcement needed
Banaswadi,8961892eebbffff,Banaswadi / Cell-bbffff,12.994837354545457,77.65338003636363,4,5.9,24.3,24.3,STABLE,CONFIRMED_HIGH,morning_shift,6:00,0.11,22,Standard priority zone
Banaswadi,8961892ea53ffff,Banaswadi / Cell-53ffff,13.021543171428572,77.64332305714287,5,5.5,20.6,26.8,RISING,NOT_HOTSPOT,morning_shift,7:00,0.11,7,Violations RISING — proactive enforcement needed
Basavanagudi,8960145a613ffff,Basavanagudi / Cell-13ffff,12.946417038636362,77.567263575,1,8.2,25.1,32.6,RISING,EMERGING,morning_shift,6:00,0.11,44,Violations RISING — proactive enforcement needed
Basavanagudi,8960145a6d7ffff,Basavanagudi / Cell-d7ffff,12.94499097727246,77.57153613077891,2,5.3,23.0,23.0,STABLE,EMERGING,morning_shift,10:00,0.07,809,Standard priority zone
Basavanagudi,8960145a44fffff,Basavanagudi / Cell-4fffff,12.935836440872842,77.5614247333344,3,4.9,19.4,25.2,RISING,NOT_HOTSPOT,night_shift,4:00,0.11,5,Violations RISING — proactive enforcement needed
Basavanagudi,8960145a673ffff,Basavanagudi / Cell-73ffff,12.9553469,77.5640915,4,4.8,24.6,19.6,UNKNOWN,NOT_HOTSPOT,night_shift,2:00,0.11,1,Heavy vehicles dominant (LGV)
Basavanagudi,8960145a447ffff,Basavanagudi / Cell-47ffff,12.9339983,77.562245,5,4.2,22.9,18.3,UNKNOWN,NOT_HOTSPOT,morning_shift,9:00,0.07,1,Peak hour concentration (100%)
Bellandur,8961892540bffff,Bellandur / Cell-0bffff,12.928255958641977,77.6795646919753,1,8.7,25.9,33.7,RISING,EMERGING,night_shift,5:00,0.11,162,Violations RISING — proactive enforcement needed
Bellandur,8961892541bffff,Bellandur / Cell-1bffff,12.9275037623612,77.68030899995685,2,7.0,23.2,30.2,RISING,EMERGING,night_shift,2:00,0.07,674,Violations RISING — proactive enforcement needed
Bellandur,8961892722fffff,Bellandur / Cell-2fffff,12.91180195,77.68264719999999,3,6.7,25.9,25.9,STABLE,NOT_HOTSPOT,morning_shift,9:00,0.11,2,Standard priority zone
Bellandur,89618925403ffff,Bellandur / Cell-03ffff,12.926476164013756,77.6776153572044,4,6.2,21.8,28.3,RISING,EMERGING,night_shift,2:00,0.07,651,Violations RISING — proactive enforcement needed
Bellandur,896189254a3ffff,Bellandur / Cell-a3ffff,12.91720723099466,77.67291599476744,5,6.0,24.4,24.4,STABLE,EMERGING,morning_shift,10:00,0.11,86,Standard priority zone
Byatarayanapura,8960145a3d3ffff,Byatarayanapura / Cell-d3ffff,12.95318006,77.53689899999999,1,7.0,23.3,30.2,RISING,NOT_HOTSPOT,night_shift,3:00,0.11,5,Violations RISING — proactive enforcement needed
Byatarayanapura,8960145a077ffff,Byatarayanapura / Cell-77ffff,12.9466217,77.5389167,2,6.5,28.5,22.8,UNKNOWN,NOT_HOTSPOT,morning_shift,9:00,0.11,1,Peak hour concentration (100%)
Byatarayanapura,8960145a347ffff,Byatarayanapura / Cell-47ffff,12.96114855801211,77.52793148947134,3,5.6,20.7,26.9,RISING,EMERGING,morning_shift,10:00,0.11,22,Violations RISING — proactive enforcement needed
Byatarayanapura,8960145a3a3ffff,Byatarayanapura / Cell-a3ffff,12.949433305,77.52283738333334,4,4.8,19.3,25.1,RISING,EMERGING,morning_shift,4:00,0.07,60,Violations RISING — proactive enforcement needed | Heavy vehicles dominant (CAR)
Byatarayanapura,8960145a10bffff,Byatarayanapura / Cell-0bffff,12.938425700000002,77.52266469999999,5,4.6,18.7,24.4,RISING,EMERGING,morning_shift,6:00,0.11,3,Violations RISING — proactive enforcement needed
Chamarajpet,8960145a66fffff,Chamarajpet / Cell-6fffff,12.95888933846154,77.55869745769232,1,9.1,26.5,34.4,RISING,NOT_HOTSPOT,morning_shift,8:00,0.11,26,Violations RISING — proactive enforcement needed
Chamarajpet,8960145b5a7ffff,Chamarajpet / Cell-a7ffff,12.961629562962962,77.56122198148148,2,6.9,23.1,30.0,RISING,EMERGING,night_shift,3:00,0.11,27,Violations RISING — proactive enforcement needed
Chamarajpet,8960145b58bffff,Chamarajpet / Cell-8bffff,12.967025060579244,77.57429651681416,3,4.5,25.3,17.7,FALLING,CONFIRMED_HIGH,morning_shift,11:00,0.07,1243,Violations declining — maintain presence | 17 repeat offenders identified
Chamarajpet,8960145a663ffff,Chamarajpet / Cell-63ffff,12.95746248,77.56060252,4,3.5,18.8,18.8,STABLE,NOT_HOTSPOT,night_shift,1:00,0.07,5,Heavy vehicles dominant (PRIVATE BUS)
Chamarajpet,8960145a2d3ffff,Chamarajpet / Cell-d3ffff,12.96127958235294,77.55915759019608,5,3.4,22.2,15.5,FALLING,EMERGING,night_shift,3:00,0.11,51,Violations declining — maintain presence
Chikkabanavara,89601696d2bffff,Chikkabanavara / Cell-2bffff,13.0797,77.5033583,1,3.5,20.9,16.7,UNKNOWN,NOT_HOTSPOT,night_shift,3:00,0.07,1,Heavy vehicles dominant (HGV)
Chikkabanavara,89601459853ffff,Chikkabanavara / Cell-53ffff,13.050829228571429,77.49312276190476,2,2.9,15.0,19.6,RISING,NOT_HOTSPOT,morning_shift,12:00,0.07,21,Violations RISING — proactive enforcement needed
Chikkabanavara,89601459ea3ffff,Chikkabanavara / Cell-a3ffff,13.04635937,77.50407767,3,2.6,16.2,16.2,STABLE,NOT_HOTSPOT,night_shift,2:00,0.07,10,Heavy vehicles dominant (CAR)
Chikkabanavara,8960145986fffff,Chikkabanavara / Cell-6fffff,13.054678719999998,77.48051644,4,2.6,18.1,14.5,UNKNOWN,EMERGING,morning_shift,12:00,0.07,5,Heavy vehicles dominant (HGV)
Chikkabanavara,89601459173ffff,Chikkabanavara / Cell-73ffff,13.045321814252013,77.52177672954267,5,2.3,18.3,12.8,FALLING,NOT_HOTSPOT,morning_shift,12:00,0.11,15,Violations declining — maintain presence
Chikkajala,89601690193ffff,Chikkajala / Cell-93ffff,13.185352477922684,77.67996324876572,1,16.6,35.8,46.5,RISING,CONFIRMED_HIGH,night_shift,5:00,0.07,2147,Violations RISING — proactive enforcement needed | 11 repeat offenders identified
Chikkajala,8960169052fffff,Chikkajala / Cell-2fffff,13.18375014028918,77.67972563995335,2,10.8,28.8,37.4,RISING,CONFIRMED_HIGH,morning_shift,13:00,0.07,1072,Violations RISING — proactive enforcement needed
Chikkajala,8960169052bffff,Chikkajala / Cell-2bffff,13.183517774375,77.68287659687499,3,4.7,25.9,18.1,FALLING,CONFIRMED_HIGH,night_shift,4:00,0.07,160,Violations declining — maintain presence
Chikkajala,89601690577ffff,Chikkajala / Cell-77ffff,13.184080148360655,77.68632500983607,4,4.7,21.6,21.6,STABLE,CONFIRMED_HIGH,night_shift,3:00,0.07,122,Standard priority zone
Chikkajala,89601690573ffff,Chikkajala / Cell-73ffff,13.184133977142858,77.68904630571429,5,4.5,18.6,24.2,RISING,CONFIRMED,night_shift,5:00,0.07,35,Violations RISING — proactive enforcement needed
City Market,8960145b59bffff,City Market / Cell-9bffff,12.964325973798909,77.5766394656652,1,20.9,40.1,52.1,RISING,CONFIRMED_HIGH,night_shift,0:00,0.06,7201,Moderate congestion impact (CIS=40/100) | Violations RISING — proactive enforcement needed | 148 repeat offenders identified
City Market,89618925b77ffff,City Market / Cell-77ffff,12.960439721052632,77.57993221315789,2,11.8,30.2,39.2,RISING,EMERGING,night_shift,2:00,0.11,38,Violations RISING — proactive enforcement needed
City Market,8960145b5c7ffff,City Market / Cell-c7ffff,12.969680496701766,77.5755142169879,3,9.6,27.1,35.3,RISING,CONFIRMED_HIGH,morning_shift,9:00,0.07,1949,Violations RISING — proactive enforcement needed | 51 repeat offenders identified
City Market,89618925b3bffff,City Market / Cell-3bffff,12.957287413580248,77.5809958808642,4,7.7,24.4,31.7,RISING,EMERGING,morning_shift,8:00,0.11,162,Violations RISING — proactive enforcement needed
City Market,89618925b2bffff,City Market / Cell-2bffff,12.959362607658452,77.57736234947184,5,7.2,26.9,26.9,STABLE,CONFIRMED_HIGH,morning_shift,11:00,0.07,1136,28 repeat offenders identified
Cubbon Park,8960145b49bffff,Cubbon Park / Cell-9bffff,12.97138355269231,77.59759996884615,1,6.7,30.9,21.6,FALLING,EMERGING,morning_shift,11:00,0.11,780,Violations declining — maintain presence | 8 repeat offenders identified
Cubbon Park,8960145b4c7ffff,Cubbon Park / Cell-c7ffff,12.9785358,77.5964649,2,4.8,24.6,19.6,UNKNOWN,NOT_HOTSPOT,night_shift,1:00,0.11,1,Heavy vehicles dominant (LGV)
Cubbon Park,8961892e9a7ffff,Cubbon Park / Cell-a7ffff,12.9760345,77.6045404,3,4.8,22.0,22.0,STABLE,NOT_HOTSPOT,morning_shift,8:00,0.07,2,Peak hour concentration (100%)
Cubbon Park,8960145b413ffff,Cubbon Park / Cell-13ffff,12.977292533333332,77.5918696,4,3.2,21.5,15.0,FALLING,NOT_HOTSPOT,night_shift,2:00,0.11,12,Violations declining — maintain presence
Cubbon Park,89618925a6bffff,Cubbon Park / Cell-6bffff,12.974767678640776,77.60369202135922,5,3.2,21.5,15.0,FALLING,EMERGING,morning_shift,12:00,0.11,103,Violations declining — maintain presence
Devanahalli Airport,89601690267ffff,Devanahalli Airport / Cell-67ffff,13.2302231,77.6933171,1,7.6,30.9,24.7,UNKNOWN,NOT_HOTSPOT,morning_shift,7:00,0.11,2,Heavy vehicles dominant (PRIVATE BUS)
Devanahalli Airport,89601690153ffff,Devanahalli Airport / Cell-53ffff,13.199676966666669,77.67960893333334,2,4.6,18.7,24.4,RISING,NOT_HOTSPOT,morning_shift,11:00,0.11,3,Violations RISING — proactive enforcement needed
Devanahalli Airport,89601690463ffff,Devanahalli Airport / Cell-63ffff,13.195628725,77.708266125,3,3.7,16.8,21.8,RISING,NOT_HOTSPOT,morning_shift,9:00,0.07,4,Violations RISING — proactive enforcement needed | Peak hour concentration (75%)
Devanahalli Airport,896016913d3ffff,Devanahalli Airport / Cell-d3ffff,13.266818,77.7192361,4,3.5,20.9,16.7,UNKNOWN,NOT_HOTSPOT,night_shift,5:00,0.07,1,Heavy vehicles dominant (HGV)
Devanahalli Airport,8960169019bffff,Devanahalli Airport / Cell-9bffff,13.18847696148148,77.68048121185184,5,3.4,22.1,15.5,FALLING,CONFIRMED_HIGH,night_shift,4:00,0.07,540,Violations declining — maintain presence
Electronic City,89618926397ffff,Electronic City / Cell-97ffff,12.84177233462322,77.64658491751528,1,29.5,47.6,61.9,RISING,EMERGING,morning_shift,12:00,0.07,982,Moderate congestion impact (CIS=48/100) | Violations RISING — proactive enforcement needed | 10 repeat offenders identified
Electronic City,8961892447bffff,Electronic City / Cell-7bffff,12.880975567604846,77.64547037230525,2,7.2,26.8,26.8,STABLE,CONFIRMED_HIGH,night_shift,3:00,0.08,47,Standard priority zone
Electronic City,8961892442bffff,Electronic City / Cell-2bffff,12.87579271,77.6396006,3,6.0,21.6,28.0,RISING,EMERGING,night_shift,3:00,0.07,10,Violations RISING — proactive enforcement needed | Heavy vehicles dominant (LORRY/GOODS VEHICLE)
Electronic City,896189246b3ffff,Electronic City / Cell-b3ffff,12.887121715768629,77.64969296729878,4,6.0,27.3,21.8,UNKNOWN,EMERGING,morning_shift,11:00,0.11,19,Standard priority zone
Electronic City,8961892444fffff,Electronic City / Cell-4fffff,12.882585376823467,77.64971734883105,5,5.7,26.6,21.3,UNKNOWN,CONFIRMED_HIGH,night_shift,4:00,0.11,14,Heavy vehicles dominant (CAR)
HAL Old Airport,89618920a23ffff,HAL Old Airport / Cell-23ffff,12.963164781012658,77.71726383607594,1,28.1,53.0,53.0,STABLE,CONFIRMED_HIGH,night_shift,5:00,0.06,474,Moderate congestion impact (CIS=53/100) | 6 repeat offenders identified
HAL Old Airport,89618920923ffff,HAL Old Airport / Cell-23ffff,12.933533961012982,77.69099198268742,2,26.4,45.0,58.5,RISING,EMERGING,morning_shift,4:00,0.06,5627,Moderate congestion impact (CIS=45/100) | Violations RISING — proactive enforcement needed | 523 repeat offenders identified
HAL Old Airport,89618920a3bffff,HAL Old Airport / Cell-3bffff,12.964684696255508,77.71824643722468,3,10.7,32.7,32.7,STABLE,CONFIRMED_HIGH,night_shift,10:00,0.06,454,Standard priority zone
HAL Old Airport,896189209cbffff,HAL Old Airport / Cell-cbffff,12.9360021,77.7067542,4,9.6,34.6,27.7,UNKNOWN,NOT_HOTSPOT,night_shift,0:00,0.11,1,Heavy vehicles dominant (TANKER)
HAL Old Airport,89618920b5bffff,HAL Old Airport / Cell-5bffff,12.9636852,77.7108637,5,9.6,34.6,27.6,UNKNOWN,EMERGING,morning_shift,8:00,0.11,1,Heavy vehicles dominant (LGV) | Peak hour concentration (100%)
HSR Layout,8961892429bffff,HSR Layout / Cell-9bffff,12.903515704166669,77.64208810625,1,11.4,33.8,33.8,STABLE,EMERGING,morning_shift,10:00,0.08,48,Heavy vehicles dominant (LGV) | Peak hour concentration (75%) | 7 repeat offenders identified
HSR Layout,89618924293ffff,HSR Layout / Cell-93ffff,12.90246982548289,77.64125450219566,2,9.6,34.6,27.7,UNKNOWN,NOT_HOTSPOT,morning_shift,12:00,0.11,1,Heavy vehicles dominant (TANKER)
HSR Layout,8961892421bffff,HSR Layout / Cell-1bffff,12.91170517008547,77.63809602720798,3,8.1,24.9,32.4,RISING,EMERGING,morning_shift,10:00,0.07,702,Violations RISING — proactive enforcement needed | 16 repeat offenders identified
HSR Layout,89618924253ffff,HSR Layout / Cell-53ffff,12.9152393,77.6429504,4,6.5,28.5,22.8,UNKNOWN,NOT_HOTSPOT,morning_shift,10:00,0.11,1,Peak hour concentration (100%)
HSR Layout,89618924203ffff,HSR Layout / Cell-03ffff,12.912431544411628,77.63544882107176,5,5.9,21.4,27.8,RISING,EMERGING,morning_shift,14:00,0.07,450,Violations RISING — proactive enforcement needed
Halasur,8961892ed1bffff,Halasur / Cell-1bffff,12.971818846666666,77.63049959833333,1,6.0,21.6,28.0,RISING,EMERGING,morning_shift,12:00,0.11,60,Violations RISING — proactive enforcement needed
Halasur,8961892ed2bffff,Halasur / Cell-2bffff,12.974010762730524,77.62037034130408,2,5.1,19.8,25.7,RISING,EMERGING,morning_shift,4:00,0.07,379,Violations RISING — proactive enforcement needed
Halasur,8961892edabffff,Halasur / Cell-abffff,12.9658486,77.6257442,3,5.0,24.9,19.9,UNKNOWN,NOT_HOTSPOT,morning_shift,10:00,0.07,1,Heavy vehicles dominant (TEMPO) | Peak hour concentration (100%)
Halasur,8961892ed37ffff,Halasur / Cell-37ffff,12.969066022222222,77.6197175111111,4,4.8,19.1,24.9,RISING,EMERGING,night_shift,0:00,0.07,9,Violations RISING — proactive enforcement needed | Heavy vehicles dominant (HGV)
Halasur,8961892ed27ffff,Halasur / Cell-27ffff,12.970281624,77.616670744,5,4.7,21.6,21.6,STABLE,EMERGING,night_shift,4:00,0.11,25,Standard priority zone
Halasuru Gate,89618925b7bffff,Halasuru Gate / Cell-7bffff,12.96462529801623,77.5841122660054,1,8.3,28.8,28.8,STABLE,EMERGING,morning_shift,10:00,0.07,2218,12 repeat offenders identified
Halasuru Gate,8960145b4b7ffff,Halasuru Gate / Cell-b7ffff,12.968021816417911,77.58575714925374,2,8.2,28.7,28.7,STABLE,EMERGING,morning_shift,8:00,0.11,134,Standard priority zone
Halasuru Gate,89618925b6bffff,Halasuru Gate / Cell-6bffff,12.966109262962965,77.58201920740741,3,8.1,28.4,28.4,STABLE,EMERGING,morning_shift,7:00,0.11,108,Standard priority zone
Halasuru Gate,8960145b4b3ffff,Halasuru Gate / Cell-b3ffff,12.968011342463113,77.58854629720456,4,6.6,25.7,25.7,STABLE,EMERGING,night_shift,4:00,0.11,380,Standard priority zone
Halasuru Gate,89618925b5bffff,Halasuru Gate / Cell-5bffff,12.9654393,77.592601375,5,5.8,24.0,24.0,STABLE,NOT_HOTSPOT,night_shift,4:00,0.11,4,Heavy vehicles dominant (LGV)
Hebbala,8961892c9d7ffff,Hebbala / Cell-d7ffff,13.035421988519449,77.58909947572145,1,11.2,33.4,33.4,STABLE,EMERGING,morning_shift,4:00,0.07,1594,30 repeat offenders identified
Hebbala,8961892c98bffff,Hebbala / Cell-8bffff,13.034838408074776,77.58882876942882,2,5.3,27.5,19.2,FALLING,EMERGING,morning_shift,4:00,0.07,1034,Violations declining — maintain presence | 20 repeat offenders identified
Hebbala,8961892c9cbffff,Hebbala / Cell-cbffff,13.0404675,77.5913269,3,5.1,25.3,20.3,UNKNOWN,NOT_HOTSPOT,morning_shift,9:00,0.11,4,Peak hour concentration (100%)
Hebbala,8961892c9c3ffff,Hebbala / Cell-c3ffff,13.0377699,77.59048390000001,4,3.8,23.4,16.4,FALLING,CONFIRMED,morning_shift,9:00,0.11,4,Violations declining — maintain presence
Hebbala,8961892cd53ffff,Hebbala / Cell-53ffff,13.0291327,77.60736175,5,2.9,19.1,15.3,UNKNOWN,NOT_HOTSPOT,morning_shift,9:00,0.07,2,Peak hour concentration (100%)
Hennuru,8961892ce87ffff,Hennuru / Cell-87ffff,13.045580548,77.627107468,1,11.2,29.4,38.2,RISING,NOT_HOTSPOT,morning_shift,11:00,0.11,50,Violations RISING — proactive enforcement needed
Hennuru,8961892d80fffff,Hennuru / Cell-0fffff,13.1003213,77.6316592,2,7.5,30.6,24.5,UNKNOWN,NOT_HOTSPOT,morning_shift,11:00,0.11,1,Heavy vehicles dominant (HGV)
Hennuru,8961892ddd7ffff,Hennuru / Cell-d7ffff,13.0720611,77.6377072,3,6.5,28.5,22.8,UNKNOWN,NOT_HOTSPOT,morning_shift,10:00,0.11,1,Peak hour concentration (100%)
Hennuru,8961892dd5bffff,Hennuru / Cell-5bffff,13.083546131034485,77.63761833103447,4,5.0,22.3,22.3,STABLE,NOT_HOTSPOT,morning_shift,13:00,0.07,58,Standard priority zone
Hennuru,8961892ce07ffff,Hennuru / Cell-07ffff,13.0534872,77.6215161,5,4.6,23.9,19.1,UNKNOWN,NOT_HOTSPOT,morning_shift,9:00,0.11,2,Standard priority zone
High ground,8960145b09bffff,High ground / Cell-9bffff,12.987062501731602,77.58031858658009,1,8.0,28.2,28.2,STABLE,EMERGING,morning_shift,7:00,0.11,231,Standard priority zone
High ground,8960145b6a3ffff,High ground / Cell-a3ffff,12.993731816928488,77.58938772916822,2,6.4,25.4,25.4,STABLE,EMERGING,night_shift,4:00,0.11,853,43 repeat offenders identified
High ground,8960145b46fffff,High ground / Cell-6fffff,12.98758242631579,77.58256189473684,3,6.3,25.0,25.0,STABLE,NOT_HOTSPOT,morning_shift,8:00,0.11,19,Standard priority zone
High ground,8960145b097ffff,High ground / Cell-97ffff,12.983683850796227,77.57752666019118,4,4.8,19.3,25.1,RISING,EMERGING,morning_shift,8:00,0.07,339,Violations RISING — proactive enforcement needed
High ground,8960145b6a7ffff,High ground / Cell-a7ffff,12.99174326097078,77.5885953050359,5,4.7,19.0,24.7,RISING,EMERGING,night_shift,3:00,0.07,1297,Violations RISING — proactive enforcement needed | 107 repeat offenders identified
Hulimavu,89618924053ffff,Hulimavu / Cell-53ffff,12.893046106533989,77.63729457995419,1,29.5,54.3,54.3,STABLE,CONFIRMED_HIGH,night_shift,2:00,0.13,455,Moderate congestion impact (CIS=54/100) | 23 repeat offenders identified
Hulimavu,8961892446fffff,Hulimavu / Cell-6fffff,12.884101936554352,77.64145726615956,2,21.4,46.2,46.2,STABLE,CONFIRMED_HIGH,night_shift,3:00,0.08,107,Moderate congestion impact (CIS=46/100) | Heavy vehicles dominant (LORRY/GOODS VEHICLE) | 7 repeat offenders identified
Hulimavu,896189240d3ffff,Hulimavu / Cell-d3ffff,12.886260340321398,77.64145997035871,3,15.4,39.2,39.2,STABLE,CONFIRMED_HIGH,night_shift,2:00,0.08,267,9 repeat offenders identified
Hulimavu,8961892440bffff,Hulimavu / Cell-0bffff,12.876025714225944,77.64784525062761,4,13.1,36.2,36.2,STABLE,CONFIRMED_HIGH,night_shift,2:00,0.08,239,10 repeat offenders identified
Hulimavu,89618924473ffff,Hulimavu / Cell-73ffff,12.879233485714286,77.6456909952381,5,10.6,32.6,32.6,STABLE,CONFIRMED_HIGH,night_shift,3:00,0.08,63,Heavy vehicles dominant (CAR)
J.P. Nagar,89618924ac3ffff,J.P. Nagar / Cell-c3ffff,12.91167193482143,77.58555740714284,1,8.1,25.0,32.5,RISING,EMERGING,morning_shift,10:00,0.11,112,Violations RISING — proactive enforcement needed
J.P. Nagar,89618924ecfffff,J.P. Nagar / Cell-cfffff,12.896582366666664,77.59963273333334,2,6.3,22.1,28.7,RISING,NOT_HOTSPOT,morning_shift,6:00,0.11,3,Violations RISING — proactive enforcement needed
J.P. Nagar,89618924adbffff,J.P. Nagar / Cell-dbffff,12.911366915151516,77.58735166969697,3,5.3,22.9,22.9,STABLE,NOT_HOTSPOT,morning_shift,7:00,0.11,33,Standard priority zone
J.P. Nagar,89618925da3ffff,J.P. Nagar / Cell-a3ffff,12.9103405,77.5948423,4,4.2,22.9,18.3,UNKNOWN,NOT_HOTSPOT,morning_shift,10:00,0.07,1,Peak hour concentration (100%)
J.P. Nagar,89618924e47ffff,J.P. Nagar / Cell-47ffff,12.901665125,77.59394254791667,5,2.9,17.1,17.1,STABLE,NOT_HOTSPOT,night_shift,3:00,0.07,48,Standard priority zone
Jalahalli,896014592b3ffff,Jalahalli / Cell-b3ffff,13.057390716666667,77.54760852777777,1,7.2,23.5,30.6,RISING,EMERGING,night_shift,3:00,0.11,36,Violations RISING — proactive enforcement needed
Jalahalli,8960145901bffff,Jalahalli / Cell-1bffff,13.046421490909092,77.54875352727272,2,6.8,22.8,29.7,RISING,EMERGING,morning_shift,11:00,0.11,22,Violations RISING — proactive enforcement needed
Jalahalli,896014591dbffff,Jalahalli / Cell-dbffff,13.03794615,77.53553045000001,3,6.6,28.8,23.0,UNKNOWN,NOT_HOTSPOT,morning_shift,9:00,0.11,2,Peak hour concentration (100%)
Jalahalli,896014591d3ffff,Jalahalli / Cell-d3ffff,13.036944441379312,77.53523266896552,4,6.1,24.7,24.7,STABLE,EMERGING,night_shift,9:00,0.11,29,Standard priority zone
Jalahalli,8960145904fffff,Jalahalli / Cell-4fffff,13.056870867256638,77.54703140619469,5,5.8,24.1,24.1,STABLE,EMERGING,morning_shift,11:00,0.11,113,Standard priority zone
Jayanagara,89618925d23ffff,Jayanagara / Cell-23ffff,12.9173203,77.5890184,1,7.5,30.6,24.5,UNKNOWN,NOT_HOTSPOT,night_shift,3:00,0.11,1,Heavy vehicles dominant (HGV)
Jayanagara,89618925983ffff,Jayanagara / Cell-83ffff,12.926466827027026,77.58563073243243,2,5.8,21.1,27.4,RISING,EMERGING,morning_shift,8:00,0.07,333,Violations RISING — proactive enforcement needed | Peak hour concentration (51%)
Jayanagara,8961892598fffff,Jayanagara / Cell-8fffff,12.928849043636363,77.58267331127273,3,5.3,20.1,26.1,RISING,EMERGING,morning_shift,7:00,0.07,275,Violations RISING — proactive enforcement needed
Jayanagara,896189259bbffff,Jayanagara / Cell-bbffff,12.928021773672056,77.5807344896074,4,5.2,20.1,26.1,RISING,EMERGING,morning_shift,9:00,0.07,433,Violations RISING — proactive enforcement needed | 23 repeat offenders identified
Jayanagara,89618925917ffff,Jayanagara / Cell-17ffff,12.92954801461039,77.58057010194806,5,4.3,18.2,23.6,RISING,EMERGING,morning_shift,8:00,0.07,308,Violations RISING — proactive enforcement needed | Peak hour concentration (55%) | 14 repeat offenders identified
Jeevanbheemanagar,8961892ec9bffff,Jeevanbheemanagar / Cell-9bffff,12.971755293808584,77.65805124366673,1,13.1,36.2,36.2,STABLE,EMERGING,morning_shift,7:00,0.11,990,33 repeat offenders identified
Jeevanbheemanagar,8961892530bffff,Jeevanbheemanagar / Cell-0bffff,12.95935826788074,77.64545430985342,2,11.3,33.6,33.6,STABLE,EMERGING,night_shift,3:00,0.11,565,Standard priority zone
Jeevanbheemanagar,89618925343ffff,Jeevanbheemanagar / Cell-43ffff,12.962213439350329,77.6491254724116,3,8.3,28.8,28.8,STABLE,EMERGING,morning_shift,9:00,0.11,95,Standard priority zone
Jeevanbheemanagar,8961892537bffff,Jeevanbheemanagar / Cell-7bffff,12.964347839355469,77.64412348801346,4,6.5,28.5,22.8,UNKNOWN,NOT_HOTSPOT,morning_shift,8:00,0.11,1,Peak hour concentration (100%)
Jeevanbheemanagar,8961892ecabffff,Jeevanbheemanagar / Cell-abffff,12.974501546911227,77.64585542701273,5,6.4,22.2,28.8,RISING,EMERGING,morning_shift,4:00,0.11,30,Violations RISING — proactive enforcement needed
Jnanabharathi,8960145ae4bffff,Jnanabharathi / Cell-4bffff,12.960901703144652,77.51143182327044,1,9.9,27.7,35.9,RISING,EMERGING,morning_shift,12:00,0.11,159,Violations RISING — proactive enforcement needed
Jnanabharathi,89601458547ffff,Jnanabharathi / Cell-47ffff,12.978992375,77.511328875,2,9.2,26.7,34.7,RISING,NOT_HOTSPOT,morning_shift,10:00,0.11,8,Violations RISING — proactive enforcement needed | Peak hour concentration (75%)
Jnanabharathi,8960145a123ffff,Jnanabharathi / Cell-23ffff,12.9346714,77.5130154,3,7.5,30.6,24.5,UNKNOWN,NOT_HOTSPOT,morning_shift,7:00,0.11,1,Heavy vehicles dominant (BUS (BMTC/KSRTC))
Jnanabharathi,8960145ae23ffff,Jnanabharathi / Cell-23ffff,12.950402114865817,77.49654485171612,4,6.7,28.9,23.1,UNKNOWN,NOT_HOTSPOT,morning_shift,11:00,0.11,2,Heavy vehicles dominant (MINI LORRY)
Jnanabharathi,896014581b7ffff,Jnanabharathi / Cell-b7ffff,12.9761329,77.4883794,5,4.9,24.8,19.9,UNKNOWN,NOT_HOTSPOT,morning_shift,12:00,0.11,2,Heavy vehicles dominant (LGV)
K.G. Halli,8961892cc57ffff,K.G. Halli / Cell-57ffff,13.03473938153846,77.62440522115384,1,17.3,41.6,41.6,STABLE,EMERGING,night_shift,4:00,0.11,260,Moderate congestion impact (CIS=42/100) | 13 repeat offenders identified
K.G. Halli,8961892cccfffff,K.G. Halli / Cell-cfffff,13.032935072972972,77.6273558,2,11.6,29.9,38.8,RISING,EMERGING,night_shift,2:00,0.11,37,Violations RISING — proactive enforcement needed
K.G. Halli,8961892cc43ffff,K.G. Halli / Cell-43ffff,13.03722662315166,77.6253737095122,3,7.8,27.9,27.9,STABLE,EMERGING,night_shift,4:00,0.11,41,Heavy vehicles dominant (HGV)
K.G. Halli,8961892c893ffff,K.G. Halli / Cell-93ffff,13.0377251,77.6099868,4,5.8,26.8,21.5,UNKNOWN,NOT_HOTSPOT,night_shift,3:00,0.11,2,Heavy vehicles dominant (TRACTOR)
K.G. Halli,8961892ccb3ffff,K.G. Halli / Cell-b3ffff,13.019821245454546,77.61889345454546,5,3.7,19.3,19.3,STABLE,NOT_HOTSPOT,morning_shift,10:00,0.07,11,Peak hour concentration (73%)
K.R. Pura,8961892e6cbffff,K.R. Pura / Cell-cbffff,13.003459968253969,77.72348583968254,1,15.6,39.5,39.5,STABLE,EMERGING,night_shift,4:00,0.07,126,Standard priority zone
K.R. Pura,8961892e2b7ffff,K.R. Pura / Cell-b7ffff,13.0063383,77.69093,2,8.1,31.8,25.5,UNKNOWN,NOT_HOTSPOT,evening_shift,19:00,0.11,2,Peak hour concentration (100%)
K.R. Pura,8961892f51bffff,K.R. Pura / Cell-1bffff,13.0256155,77.7200726,3,7.5,30.6,24.5,UNKNOWN,NOT_HOTSPOT,morning_shift,7:00,0.11,1,Heavy vehicles dominant (HGV)
K.R. Pura,8961892f66fffff,K.R. Pura / Cell-6fffff,13.063394,77.7361362,4,7.5,30.6,24.5,UNKNOWN,NOT_HOTSPOT,night_shift,4:00,0.11,1,Heavy vehicles dominant (HGV)
K.R. Pura,8961892f67bffff,K.R. Pura / Cell-7bffff,13.062043533333332,77.74194519999999,5,7.4,30.5,24.4,UNKNOWN,NOT_HOTSPOT,night_shift,3:00,0.11,3,Heavy vehicles dominant (HGV)
K.S. Layout,8961892482bffff,K.S. Layout / Cell-2bffff,12.891495925,77.56390568333333,1,6.8,22.9,29.8,RISING,NOT_HOTSPOT,morning_shift,10:00,0.11,12,Violations RISING — proactive enforcement needed | Peak hour concentration (75%)
K.S. Layout,89618924877ffff,K.S. Layout / Cell-77ffff,12.893815060869564,77.56782184347826,2,5.8,28.7,20.1,FALLING,NOT_HOTSPOT,morning_shift,11:00,0.11,46,Violations declining — maintain presence
K.S. Layout,89618924a33ffff,K.S. Layout / Cell-33ffff,12.908093399999998,77.5707018,3,4.8,19.2,25.0,RISING,NOT_HOTSPOT,morning_shift,12:00,0.11,5,Violations RISING — proactive enforcement needed
K.S. Layout,8960145a59bffff,K.S. Layout / Cell-9bffff,12.91345284781601,77.5466781590894,4,4.6,18.7,24.4,RISING,NOT_HOTSPOT,morning_shift,11:00,0.11,3,Violations RISING — proactive enforcement needed
K.S. Layout,8960145a5b7ffff,K.S. Layout / Cell-b7ffff,12.907805651852325,77.53289302437807,5,4.4,20.9,20.9,STABLE,NOT_HOTSPOT,night_shift,5:00,0.11,55,Standard priority zone
Kamakshipalya,896014580c7ffff,Kamakshipalya / Cell-c7ffff,12.99164858181818,77.52097507272728,1,8.3,25.3,32.9,RISING,NOT_HOTSPOT,morning_shift,10:00,0.05,11,Violations RISING — proactive enforcement needed | Heavy vehicles dominant (HGV) | Peak hour concentration (91%)
Kamakshipalya,896014580cfffff,Kamakshipalya / Cell-cfffff,12.9973578,77.5211732,2,5.8,26.9,21.5,UNKNOWN,NOT_HOTSPOT,morning_shift,10:00,0.07,1,Heavy vehicles dominant (MINI LORRY) | Peak hour concentration (100%)
Kamakshipalya,8960145808bffff,Kamakshipalya / Cell-8bffff,12.98800645,77.5203307,3,4.2,17.9,23.3,RISING,NOT_HOTSPOT,night_shift,4:00,0.11,4,Violations RISING — proactive enforcement needed
Kamakshipalya,8960145855bffff,Kamakshipalya / Cell-5bffff,12.980443683333334,77.51713883333333,4,4.0,22.3,17.9,UNKNOWN,NOT_HOTSPOT,night_shift,1:00,0.07,6,Heavy vehicles dominant (PRIVATE BUS)
Kamakshipalya,89601458ecbffff,Kamakshipalya / Cell-cbffff,13.004302675,77.4876964,5,3.6,16.7,21.7,RISING,NOT_HOTSPOT,morning_shift,9:00,0.07,4,Violations RISING — proactive enforcement needed | Peak hour concentration (100%)
Kengeri,89601451847ffff,Kengeri / Cell-47ffff,12.8963282,77.4548149,1,6.5,28.5,22.8,UNKNOWN,NOT_HOTSPOT,morning_shift,10:00,0.11,1,Peak hour concentration (100%)
Kengeri,896014512a7ffff,Kengeri / Cell-a7ffff,12.9039264,77.5108473,2,5.0,24.9,19.9,UNKNOWN,NOT_HOTSPOT,morning_shift,10:00,0.07,1,Heavy vehicles dominant (LGV) | Peak hour concentration (100%)
Kengeri,8960145187bffff,Kengeri / Cell-7bffff,12.896729933333331,77.45337496666667,3,4.0,22.2,17.8,UNKNOWN,NOT_HOTSPOT,morning_shift,8:00,0.07,3,Heavy vehicles dominant (LGV) | Peak hour concentration (67%)
Kengeri,8960145ad2bffff,Kengeri / Cell-2bffff,12.9234668,77.4728372,4,3.5,20.9,16.7,UNKNOWN,NOT_HOTSPOT,night_shift,4:00,0.07,1,Heavy vehicles dominant (HGV)
Kengeri,8960145120fffff,Kengeri / Cell-0fffff,12.91424985,77.51440935,5,3.5,18.6,18.6,STABLE,NOT_HOTSPOT,morning_shift,7:00,0.11,2,Standard priority zone
Kodigehalli,896016964b7ffff,Kodigehalli / Cell-b7ffff,13.07137061077048,77.58802158301225,1,20.9,40.1,52.2,RISING,CONFIRMED_HIGH,morning_shift,11:00,0.07,2367,Moderate congestion impact (CIS=40/100) | Violations RISING — proactive enforcement needed | 41 repeat offenders identified
Kodigehalli,8961892cb4fffff,Kodigehalli / Cell-4fffff,13.071126911463786,77.58826263864174,2,11.7,30.0,39.1,RISING,CONFIRMED_HIGH,morning_shift,11:00,0.07,1027,Violations RISING — proactive enforcement needed | 15 repeat offenders identified
Kodigehalli,8961892c9b3ffff,Kodigehalli / Cell-b3ffff,13.029150660526316,77.58093466052632,3,11.3,29.5,38.4,RISING,EMERGING,morning_shift,10:00,0.11,38,Violations RISING — proactive enforcement needed | Peak hour concentration (79%)
Kodigehalli,8961892cb7bffff,Kodigehalli / Cell-7bffff,13.070322412635983,77.58745858242678,4,11.1,29.3,38.1,RISING,CONFIRMED_HIGH,morning_shift,11:00,0.07,1195,Violations RISING — proactive enforcement needed | 28 repeat offenders identified
Kodigehalli,8961892cb8fffff,Kodigehalli / Cell-8fffff,13.05445068,77.58961767,5,10.2,28.0,36.4,RISING,NOT_HOTSPOT,morning_shift,8:00,0.11,10,Violations RISING — proactive enforcement needed | Peak hour concentration (60%)
Madiwala,89618924263ffff,Madiwala / Cell-63ffff,12.916928899999998,77.63140920000001,1,8.4,32.4,25.9,UNKNOWN,NOT_HOTSPOT,morning_shift,9:00,0.11,4,Peak hour concentration (100%)
Madiwala,89618924237ffff,Madiwala / Cell-37ffff,12.90774824,77.62795556,2,7.6,24.1,31.4,RISING,EMERGING,morning_shift,10:00,0.11,5,Violations RISING — proactive enforcement needed
Madiwala,89618925c13ffff,Madiwala / Cell-13ffff,12.9230268,77.6223282,3,6.5,28.6,22.8,UNKNOWN,NOT_HOTSPOT,night_shift,2:00,0.11,1,Heavy vehicles dominant (LORRY/GOODS VEHICLE)
Madiwala,896189243d3ffff,Madiwala / Cell-d3ffff,12.902853083333332,77.6246713,4,5.6,23.7,23.7,STABLE,EMERGING,morning_shift,10:00,0.11,6,Standard priority zone
Madiwala,8961892438bffff,Madiwala / Cell-8bffff,12.89936450107508,77.61813072260472,5,4.9,22.1,22.1,STABLE,NOT_HOTSPOT,morning_shift,3:00,0.11,3,Standard priority zone
Magadi Road,8960145a24fffff,Magadi Road / Cell-4fffff,12.973560736313356,77.55095972182062,1,15.0,38.7,38.7,STABLE,EMERGING,morning_shift,11:00,0.11,1823,13 repeat offenders identified
Magadi Road,8960145b567ffff,Magadi Road / Cell-67ffff,12.977256508333332,77.56132265000001,2,8.0,24.7,32.2,RISING,EMERGING,morning_shift,9:00,0.11,12,Violations RISING — proactive enforcement needed | Peak hour concentration (67%)
Magadi Road,8960145a24bffff,Magadi Road / Cell-4bffff,12.974451499464024,77.55207251704448,3,7.5,24.1,31.3,RISING,EMERGING,morning_shift,11:00,0.11,277,Violations RISING — proactive enforcement needed
Magadi Road,8960145a253ffff,Magadi Road / Cell-53ffff,12.96909372,77.55479127999999,4,7.1,23.3,30.3,RISING,NOT_HOTSPOT,night_shift,3:00,0.11,5,Violations RISING — proactive enforcement needed
Magadi Road,8960145a2cfffff,Magadi Road / Cell-cfffff,12.964508859159158,77.55439666996998,5,7.0,26.5,26.5,STABLE,EMERGING,morning_shift,11:00,0.11,333,6 repeat offenders identified
Mahadevapura,896189219cfffff,Mahadevapura / Cell-cfffff,12.987585530590716,77.73468063059072,1,10.3,28.2,36.6,RISING,EMERGING,night_shift,4:00,0.06,474,Violations RISING — proactive enforcement needed | 12 repeat offenders identified
Mahadevapura,8961892e047ffff,Mahadevapura / Cell-47ffff,12.998811494,77.69280017,2,8.8,26.1,33.9,RISING,EMERGING,night_shift,1:00,0.11,50,Violations RISING — proactive enforcement needed
Mahadevapura,8961892f4d3ffff,Mahadevapura / Cell-d3ffff,13.0282733,77.7507203,3,7.6,30.9,24.7,UNKNOWN,NOT_HOTSPOT,morning_shift,10:00,0.07,1,Heavy vehicles dominant (HGV) | Peak hour concentration (100%)
Mahadevapura,8961892e4c3ffff,Mahadevapura / Cell-c3ffff,12.977660273083089,77.71595479401992,4,7.5,30.7,24.5,UNKNOWN,NOT_HOTSPOT,night_shift,1:00,0.11,1,Heavy vehicles dominant (PRIVATE BUS)
Mahadevapura,896189219abffff,Mahadevapura / Cell-abffff,12.980447523076922,77.72651837692307,5,6.5,22.4,29.2,RISING,EMERGING,morning_shift,7:00,0.11,13,Violations RISING — proactive enforcement needed
Malleshwaram,8960145b307ffff,Malleshwaram / Cell-07ffff,13.008431898797966,77.55468794479889,1,13.5,32.3,41.9,RISING,EMERGING,morning_shift,10:00,0.07,2163,Violations RISING — proactive enforcement needed | 34 repeat offenders identified
Malleshwaram,8960145b30fffff,Malleshwaram / Cell-0fffff,13.011185091408777,77.55449988318706,2,13.3,32.0,41.6,RISING,CONFIRMED_HIGH,morning_shift,9:00,0.07,2165,Violations RISING — proactive enforcement needed | 15 repeat offenders identified
Malleshwaram,8960145b333ffff,Malleshwaram / Cell-33ffff,13.005847175,77.54970885,3,7.2,23.6,30.6,RISING,EMERGING,morning_shift,7:00,0.11,4,Violations RISING — proactive enforcement needed
Malleshwaram,8960145b073ffff,Malleshwaram / Cell-73ffff,12.999282810873476,77.57135680890522,4,7.1,23.4,30.4,RISING,EMERGING,morning_shift,10:00,0.05,1147,Violations RISING — proactive enforcement needed | Peak hour concentration (51%)
Malleshwaram,8960145b38bffff,Malleshwaram / Cell-8bffff,13.00507878,77.56232918,5,6.6,25.7,25.7,STABLE,NOT_HOTSPOT,morning_shift,8:00,0.11,5,Peak hour concentration (60%)
Mico Layout,89618925d97ffff,Mico Layout / Cell-97ffff,12.908056736745888,77.60080520182815,1,11.9,30.2,39.3,RISING,EMERGING,morning_shift,11:00,0.11,547,Violations RISING — proactive enforcement needed | 23 repeat offenders identified
Mico Layout,8961892436fffff,Mico Layout / Cell-6fffff,12.913755559515572,77.60743265397925,2,10.0,27.7,36.0,RISING,EMERGING,morning_shift,12:00,0.07,289,Violations RISING — proactive enforcement needed
Mico Layout,89618925d9bffff,Mico Layout / Cell-9bffff,12.913563295321635,77.60497335614035,3,9.3,30.5,30.5,STABLE,EMERGING,morning_shift,5:00,0.07,171,Standard priority zone
Mico Layout,89618925897ffff,Mico Layout / Cell-97ffff,12.930881994428152,77.60653515454545,4,7.7,24.3,31.6,RISING,EMERGING,night_shift,2:00,0.07,341,Violations RISING — proactive enforcement needed | 27 repeat offenders identified
Mico Layout,89618925ddbffff,Mico Layout / Cell-dbffff,12.92004361923077,77.61039271538462,5,6.7,22.6,29.4,RISING,EMERGING,morning_shift,11:00,0.07,52,Violations RISING — proactive enforcement needed
No Police Station,89601459843ffff,No Police Station / Cell-43ffff,13.0534833,77.4893923,1,13.2,40.6,32.5,UNKNOWN,NOT_HOTSPOT,morning_shift,8:00,0.11,1,Moderate congestion impact (CIS=41/100) | Heavy vehicles dominant (HGV) | Peak hour concentration (100%)
No Police Station,89601459863ffff,No Police Station / Cell-63ffff,13.05437325,77.482257375,2,4.9,19.4,25.3,RISING,EMERGING,morning_shift,12:00,0.07,12,Violations RISING — proactive enforcement needed | Heavy vehicles dominant (HGV)
No Police Station,89601459857ffff,No Police Station / Cell-57ffff,13.051225857142857,77.49014098571429,3,3.9,17.4,22.7,RISING,NOT_HOTSPOT,morning_shift,2:00,0.07,7,Violations RISING — proactive enforcement needed | Heavy vehicles dominant (CAR)
No Police Station,8960145987bffff,No Police Station / Cell-7bffff,13.053443707142858,77.48504487142857,4,3.6,16.7,21.7,RISING,EMERGING,morning_shift,12:00,0.07,14,Violations RISING — proactive enforcement needed | Heavy vehicles dominant (CAR)
No Police Station,89601459b9bffff,No Police Station / Cell-9bffff,13.056081516666666,77.47706275,5,3.5,22.4,15.7,FALLING,NOT_HOTSPOT,morning_shift,12:00,0.07,6,Violations declining — maintain presence | Heavy vehicles dominant (HGV)
Peenya,8960145910bffff,Peenya / Cell-0bffff,13.0432662,77.5251378,1,7.6,30.9,24.7,UNKNOWN,NOT_HOTSPOT,morning_shift,10:00,0.07,1,Heavy vehicles dominant (HGV) | Peak hour concentration (100%)
Peenya,89601459ccbffff,Peenya / Cell-cbffff,13.033519433333334,77.51280113333333,2,6.2,21.8,28.4,RISING,NOT_HOTSPOT,morning_shift,4:00,0.07,3,Violations RISING — proactive enforcement needed | Heavy vehicles dominant (HGV) | Peak hour concentration (67%)
Peenya,89601459c03ffff,Peenya / Cell-03ffff,13.031507677777777,77.50361984444446,3,5.0,19.6,25.4,RISING,NOT_HOTSPOT,night_shift,2:00,0.11,9,Violations RISING — proactive enforcement needed
Peenya,896014583cbffff,Peenya / Cell-cbffff,13.01103836923077,77.50664908461539,4,3.8,17.2,22.3,RISING,NOT_HOTSPOT,morning_shift,9:00,0.07,26,Violations RISING — proactive enforcement needed
Peenya,8960145913bffff,Peenya / Cell-3bffff,13.03987725957447,77.51856869361703,5,3.7,17.0,22.1,RISING,EMERGING,morning_shift,11:00,0.07,235,Violations RISING — proactive enforcement needed
Pulikeshinagar(F.Town),8961892eb8fffff,Pulikeshinagar(F.Town) / Cell-8fffff,13.002663325,77.6181029,1,4.7,19.0,24.7,RISING,NOT_HOTSPOT,morning_shift,6:00,0.11,8,Violations RISING — proactive enforcement needed
Pulikeshinagar(F.Town),8961892ebc7ffff,Pulikeshinagar(F.Town) / Cell-c7ffff,13.006779584313726,77.62129347843138,2,4.4,18.4,23.9,RISING,EMERGING,night_shift,4:00,0.07,102,Violations RISING — proactive enforcement needed | 7 repeat offenders identified
Pulikeshinagar(F.Town),8961892eba3ffff,Pulikeshinagar(F.Town) / Cell-a3ffff,13.00031134079861,77.6113066921875,3,4.2,17.9,23.2,RISING,EMERGING,morning_shift,11:00,0.07,576,Violations RISING — proactive enforcement needed | 6 repeat offenders identified
Pulikeshinagar(F.Town),8961892e90bffff,Pulikeshinagar(F.Town) / Cell-0bffff,12.990031738636365,77.61239221818181,4,3.8,23.4,16.4,FALLING,EMERGING,morning_shift,11:00,0.11,44,Violations declining — maintain presence
Pulikeshinagar(F.Town),8961892e96fffff,Pulikeshinagar(F.Town) / Cell-6fffff,12.995179333333333,77.60615445,5,3.4,18.5,18.5,STABLE,NOT_HOTSPOT,night_shift,2:00,0.11,6,Standard priority zone
R.T. Nagar,8960145b6d3ffff,R.T. Nagar / Cell-d3ffff,12.998094072727271,77.60572002424242,1,8.2,25.1,32.6,RISING,EMERGING,morning_shift,5:00,0.11,33,Violations RISING — proactive enforcement needed
R.T. Nagar,8960145b603ffff,R.T. Nagar / Cell-03ffff,13.00123808064516,77.59543466989247,2,7.4,23.8,31.0,RISING,EMERGING,morning_shift,11:00,0.11,93,Violations RISING — proactive enforcement needed | 7 repeat offenders identified
R.T. Nagar,8960145b25bffff,R.T. Nagar / Cell-5bffff,13.024011943973813,77.58503600727205,3,5.1,19.9,25.8,RISING,EMERGING,morning_shift,10:00,0.07,368,Violations RISING — proactive enforcement needed
R.T. Nagar,8961892cd77ffff,R.T. Nagar / Cell-77ffff,13.0269404,77.59413726666666,4,3.7,19.3,19.3,STABLE,NOT_HOTSPOT,morning_shift,6:00,0.11,3,Standard priority zone
R.T. Nagar,8960145b2cfffff,R.T. Nagar / Cell-cfffff,13.018704063157896,77.58477943157895,5,3.7,22.9,16.0,FALLING,NOT_HOTSPOT,night_shift,3:00,0.11,19,Violations declining — maintain presence
Rajajinagar,8960145b323ffff,Rajajinagar / Cell-23ffff,13.008183868464243,77.54859522403282,1,18.6,37.9,49.2,RISING,EMERGING,morning_shift,10:00,0.11,853,Violations RISING — proactive enforcement needed | Peak hour concentration (67%) | 47 repeat offenders identified
Rajajinagar,8960145b147ffff,Rajajinagar / Cell-47ffff,12.99283892549536,77.5534142566107,2,17.7,36.9,48.0,RISING,CONFIRMED_HIGH,night_shift,3:00,0.07,878,Violations RISING — proactive enforcement needed | 69 repeat offenders identified
Rajajinagar,89601458627ffff,Rajajinagar / Cell-27ffff,12.99999042987013,77.52518655714286,3,12.4,35.2,35.2,STABLE,EMERGING,morning_shift,11:00,0.11,77,Standard priority zone
Rajajinagar,8960145b10bffff,Rajajinagar / Cell-0bffff,12.989742629589042,77.55317198767123,4,10.5,28.4,37.0,RISING,CONFIRMED_HIGH,night_shift,3:00,0.07,365,Violations RISING — proactive enforcement needed | 10 repeat offenders identified
Rajajinagar,8960145b17bffff,Rajajinagar / Cell-7bffff,12.994668192653062,77.55208603877551,5,9.2,30.4,30.4,STABLE,CONFIRMED_HIGH,night_shift,3:00,0.11,245,Standard priority zone
Sadashivanagar,896014594cfffff,Sadashivanagar / Cell-cfffff,13.033135155,77.568545745,1,6.6,22.6,29.4,RISING,NOT_HOTSPOT,morning_shift,4:00,0.11,20,Violations RISING — proactive enforcement needed
Sadashivanagar,8960145b213ffff,Sadashivanagar / Cell-13ffff,13.0139987,77.5796772,2,6.5,28.5,22.8,UNKNOWN,NOT_HOTSPOT,morning_shift,8:00,0.11,1,Peak hour concentration (100%)
Sadashivanagar,896014594d3ffff,Sadashivanagar / Cell-d3ffff,13.028260794945057,77.57264249142857,3,5.2,20.0,26.0,RISING,EMERGING,morning_shift,11:00,0.07,455,Violations RISING — proactive enforcement needed | 7 repeat offenders identified
Sadashivanagar,8960145b2b7ffff,Sadashivanagar / Cell-b7ffff,13.004590871428572,77.57212455714286,4,4.8,19.3,25.0,RISING,EMERGING,night_shift,4:00,0.11,7,Violations RISING — proactive enforcement needed
Sadashivanagar,896014594d7ffff,Sadashivanagar / Cell-d7ffff,13.028930877922075,77.57078892857143,5,4.5,21.3,21.3,STABLE,EMERGING,morning_shift,7:00,0.11,77,Standard priority zone
Sheshadripuram,8960145b02fffff,Sheshadripuram / Cell-2fffff,12.996312090697671,77.56315291881607,1,14.6,38.2,38.2,STABLE,EMERGING,morning_shift,9:00,0.11,473,Peak hour concentration (50%) | 32 repeat offenders identified
Sheshadripuram,8960145b037ffff,Sheshadripuram / Cell-37ffff,12.9914904,77.565152,2,4.8,24.6,19.6,UNKNOWN,NOT_HOTSPOT,night_shift,1:00,0.11,1,Heavy vehicles dominant (LGV)
Sheshadripuram,8960145b053ffff,Sheshadripuram / Cell-53ffff,12.9982218104,77.58167474,3,4.4,20.9,20.9,STABLE,EMERGING,morning_shift,9:00,0.07,125,Peak hour concentration (54%)
Sheshadripuram,8960145b023ffff,Sheshadripuram / Cell-23ffff,12.993915857142856,77.56613522857143,4,4.3,24.8,17.3,FALLING,NOT_HOTSPOT,morning_shift,10:00,0.11,7,Violations declining — maintain presence | Peak hour concentration (57%)
Sheshadripuram,8960145b0cbffff,Sheshadripuram / Cell-cbffff,12.996643439473685,77.58418768114035,5,3.3,21.6,15.1,FALLING,EMERGING,morning_shift,10:00,0.07,228,Violations declining — maintain presence | Peak hour concentration (71%)
Shivajinagar,8961892e917ffff,Shivajinagar / Cell-17ffff,12.982282384777228,77.61066029148515,1,18.5,37.7,49.0,RISING,CONFIRMED_HIGH,morning_shift,10:00,0.07,4040,Violations RISING — proactive enforcement needed | 108 repeat offenders identified
Shivajinagar,8961892e9bbffff,Shivajinagar / Cell-bbffff,12.9808757008218,77.61015499056103,2,15.6,34.7,45.1,RISING,CONFIRMED_HIGH,morning_shift,10:00,0.07,3157,Violations RISING — proactive enforcement needed | Peak hour concentration (50%) | 63 repeat offenders identified
Shivajinagar,8960145b4cbffff,Shivajinagar / Cell-cbffff,12.98127650928931,77.59855050145495,3,13.2,36.3,36.3,STABLE,EMERGING,morning_shift,4:00,0.11,1787,142 repeat offenders identified
Shivajinagar,8961892e9abffff,Shivajinagar / Cell-abffff,12.981655948531362,77.60786495755163,4,12.1,41.5,29.1,FALLING,CONFIRMED_HIGH,morning_shift,10:00,0.07,5277,Moderate congestion impact (CIS=42/100) | Violations declining — maintain presence | Peak hour concentration (51%) | 222 repeat offenders identified
Shivajinagar,8961892e937ffff,Shivajinagar / Cell-37ffff,12.983845418565798,77.60334447875874,5,9.6,31.0,31.0,STABLE,CONFIRMED_HIGH,morning_shift,10:00,0.07,2311,34 repeat offenders identified
Thalagattapura,8961892493bffff,Thalagattapura / Cell-3bffff,12.881958980298904,77.54630107548562,1,5.0,19.6,25.5,RISING,NOT_HOTSPOT,morning_shift,6:00,0.11,14,Violations RISING — proactive enforcement needed
Thalagattapura,89618924903ffff,Thalagattapura / Cell-03ffff,12.8805659,77.5520734,2,5.0,24.9,19.9,UNKNOWN,NOT_HOTSPOT,morning_shift,10:00,0.07,1,Heavy vehicles dominant (LGV) | Peak hour concentration (100%)
Thalagattapura,896189249abffff,Thalagattapura / Cell-abffff,12.8767663,77.5456411,3,4.8,24.6,19.6,UNKNOWN,NOT_HOTSPOT,morning_shift,13:00,0.11,1,Heavy vehicles dominant (LGV)
Thalagattapura,89601451097ffff,Thalagattapura / Cell-97ffff,12.8778133,77.517105,4,4.8,24.5,19.6,UNKNOWN,NOT_HOTSPOT,morning_shift,9:00,0.11,1,Peak hour concentration (100%)
Thalagattapura,89618924d57ffff,Thalagattapura / Cell-57ffff,12.8712402,77.57030412499999,5,3.7,21.4,17.1,UNKNOWN,NOT_HOTSPOT,night_shift,4:00,0.11,4,Standard priority zone
Upparpet,8960145b5cbffff,Upparpet / Cell-cbffff,12.973756489804275,77.57866179377075,1,25.5,44.2,57.5,RISING,CONFIRMED_HIGH,morning_shift,9:00,0.11,5086,Moderate congestion impact (CIS=44/100) | Violations RISING — proactive enforcement needed | 155 repeat offenders identified
Upparpet,8960145b553ffff,Upparpet / Cell-53ffff,12.976643712847023,77.57632550358989,2,24.8,59.5,41.6,FALLING,CONFIRMED_HIGH,morning_shift,9:00,0.08,10446,Moderate congestion impact (CIS=59/100) | Violations declining — maintain presence | 265 repeat offenders identified
Upparpet,8960145b427ffff,Upparpet / Cell-27ffff,12.977516395475778,77.5789348066636,3,18.4,51.2,35.9,FALLING,CONFIRMED_HIGH,morning_shift,1:00,0.11,6497,Moderate congestion impact (CIS=51/100) | Violations declining — maintain presence | 197 repeat offenders identified
Upparpet,8960145b55bffff,Upparpet / Cell-5bffff,12.979330620857596,77.5764326869243,4,8.0,28.3,28.3,STABLE,CONFIRMED_HIGH,morning_shift,1:00,0.07,1889,33 repeat offenders identified
Upparpet,8960145b437ffff,Upparpet / Cell-37ffff,12.975441326655895,77.58163518869144,5,7.5,24.0,31.2,RISING,CONFIRMED_HIGH,morning_shift,4:00,0.07,619,Violations RISING — proactive enforcement needed | 8 repeat offenders identified
V.V.Puram (C.Pet),89618925bafffff,V.V.Puram (C.Pet) / Cell-afffff,12.95098736,77.57858498499999,1,5.3,20.2,26.2,RISING,EMERGING,morning_shift,12:00,0.11,20,Violations RISING — proactive enforcement needed
V.V.Puram (C.Pet),8960145a6cbffff,V.V.Puram (C.Pet) / Cell-cbffff,12.951507603846151,77.57335026538462,2,3.5,22.5,15.7,FALLING,EMERGING,morning_shift,8:00,0.11,26,Violations declining — maintain presence | Peak hour concentration (54%)
V.V.Puram (C.Pet),8960145b597ffff,V.V.Puram (C.Pet) / Cell-97ffff,12.960297621666664,77.57236383666667,3,1.7,15.6,10.9,FALLING,EMERGING,morning_shift,9:00,0.07,60,Violations declining — maintain presence
V.V.Puram (C.Pet),8960145a64bffff,V.V.Puram (C.Pet) / Cell-4bffff,12.95874530678607,77.56998136625344,4,1.5,14.8,10.3,FALLING,EMERGING,morning_shift,8:00,0.07,61,Violations declining — maintain presence
V.V.Puram (C.Pet),8960145a65bffff,V.V.Puram (C.Pet) / Cell-5bffff,12.95769034489796,77.57198837755102,5,1.4,14.1,9.9,FALLING,EMERGING,morning_shift,8:00,0.07,49,Violations declining — maintain presence
Vijayanagara,896014586bbffff,Vijayanagara / Cell-bbffff,12.9951667,77.53539,1,7.5,30.6,24.5,UNKNOWN,NOT_HOTSPOT,night_shift,2:00,0.11,1,Heavy vehicles dominant (TOURIST BUS)
Vijayanagara,89601458493ffff,Vijayanagara / Cell-93ffff,12.968840871206709,77.53697829739298,2,4.7,18.9,24.6,RISING,EMERGING,morning_shift,10:00,0.07,580,Violations RISING — proactive enforcement needed | 13 repeat offenders identified
Vijayanagara,8960145b16bffff,Vijayanagara / Cell-6bffff,12.997517276670756,77.54902406893055,3,4.6,25.7,18.0,FALLING,CONFIRMED_HIGH,morning_shift,8:00,0.07,1582,Violations declining — maintain presence | 39 repeat offenders identified
Vijayanagara,896014584d7ffff,Vijayanagara / Cell-d7ffff,12.973849266666669,77.53909370000001,4,4.4,18.4,23.9,RISING,EMERGING,morning_shift,9:00,0.07,3,Violations RISING — proactive enforcement needed | Peak hour concentration (100%)
Vijayanagara,8960145849bffff,Vijayanagara / Cell-9bffff,12.97253029535594,77.53798020957785,5,4.2,20.5,20.5,STABLE,EMERGING,morning_shift,10:00,0.07,538,8 repeat offenders identified
Whitefield,896189218a3ffff,Whitefield / Cell-a3ffff,12.985454286666666,77.74566034285714,1,31.4,49.1,63.8,RISING,EMERGING,morning_shift,10:00,0.11,105,Moderate congestion impact (CIS=49/100) | Violations RISING — proactive enforcement needed | Peak hour concentration (72%)
Whitefield,8961892012fffff,Whitefield / Cell-2fffff,12.93600269327434,77.74866616520504,2,7.5,30.6,24.5,UNKNOWN,NOT_HOTSPOT,morning_shift,12:00,0.11,1,Heavy vehicles dominant (TOURIST BUS)
Whitefield,89618920ed3ffff,Whitefield / Cell-d3ffff,12.9445675,77.7532548,3,7.5,30.6,24.5,UNKNOWN,NOT_HOTSPOT,night_shift,2:00,0.11,1,Heavy vehicles dominant (BUS (BMTC/KSRTC))
Whitefield,89618920ed7ffff,Whitefield / Cell-d7ffff,12.94327401818182,77.7497482909091,4,6.9,23.0,29.9,RISING,NOT_HOTSPOT,morning_shift,13:00,0.11,11,Violations RISING — proactive enforcement needed
Whitefield,89618927663ffff,Whitefield / Cell-63ffff,12.901819385714283,77.70765628571428,5,6.3,22.0,28.6,RISING,NOT_HOTSPOT,morning_shift,4:00,0.11,7,Violations RISING — proactive enforcement needed
Wilson Garden,89618925b93ffff,Wilson Garden / Cell-93ffff,12.947258741666666,77.5912056875,1,7.3,23.7,30.8,RISING,NOT_HOTSPOT,morning_shift,2:00,0.11,24,Violations RISING — proactive enforcement needed
Wilson Garden,89618925bd7ffff,Wilson Garden / Cell-d7ffff,12.953941897619048,77.59331144761904,2,4.0,17.6,22.9,RISING,EMERGING,morning_shift,9:00,0.07,42,Violations RISING — proactive enforcement needed | Peak hour concentration (52%)
Wilson Garden,89618925b83ffff,Wilson Garden / Cell-83ffff,12.947158684444444,77.59062622444443,3,4.0,17.5,22.7,RISING,EMERGING,morning_shift,2:00,0.07,45,Violations RISING — proactive enforcement needed
Wilson Garden,8961892594bffff,Wilson Garden / Cell-4bffff,12.944531534545456,77.58609528909092,4,4.0,23.8,16.7,FALLING,EMERGING,morning_shift,2:00,0.11,55,Violations declining — maintain presence
Wilson Garden,89618925b1bffff,Wilson Garden / Cell-1bffff,12.9575306,77.589077025,5,3.7,19.3,19.3,STABLE,NOT_HOTSPOT,morning_shift,11:00,0.11,4,Standard priority zone
Yelahanka,8960169661bffff,Yelahanka / Cell-1bffff,13.106077485714286,77.60044798571428,1,7.6,24.2,31.5,RISING,NOT_HOTSPOT,night_shift,4:00,0.11,7,Violations RISING — proactive enforcement needed
Yelahanka,89601459213ffff,Yelahanka / Cell-13ffff,13.0664254,77.5524418,2,6.5,28.5,22.8,UNKNOWN,NOT_HOTSPOT,morning_shift,10:00,0.11,1,Peak hour concentration (100%)
Yelahanka,89601696423ffff,Yelahanka / Cell-23ffff,13.084325,77.582925,3,5.3,25.8,20.6,UNKNOWN,NOT_HOTSPOT,morning_shift,8:00,0.11,6,Peak hour concentration (100%)
Yelahanka,896016965cbffff,Yelahanka / Cell-cbffff,13.0802993,77.5799528,4,5.0,25.1,20.0,UNKNOWN,NOT_HOTSPOT,morning_shift,8:00,0.11,3,Peak hour concentration (100%)
Yelahanka,8960169601bffff,Yelahanka / Cell-1bffff,13.099163084415585,77.57749624415584,5,4.3,20.7,20.7,STABLE,EMERGING,night_shift,5:00,0.07,77,Standard priority zone
Yeshwanthpura,896014594bbffff,Yeshwanthpura / Cell-bbffff,13.0251005,77.559003,1,9.6,34.6,27.6,UNKNOWN,NOT_HOTSPOT,morning_shift,8:00,0.11,1,Heavy vehicles dominant (LGV) | Peak hour concentration (100%)
Yeshwanthpura,8960145918bffff,Yeshwanthpura / Cell-8bffff,13.034238772222222,77.53006138055555,2,9.0,26.4,34.3,RISING,NOT_HOTSPOT,night_shift,2:00,0.11,12,Violations RISING — proactive enforcement needed | Heavy vehicles dominant (CAR)
Yeshwanthpura,89601459523ffff,Yeshwanthpura / Cell-23ffff,13.022401802857145,77.53272677285715,3,5.3,23.0,23.0,STABLE,NOT_HOTSPOT,morning_shift,10:00,0.07,70,Heavy vehicles dominant (HGV)
Yeshwanthpura,8960145919bffff,Yeshwanthpura / Cell-9bffff,13.033788333333332,77.53052666666667,4,4.5,23.6,18.9,UNKNOWN,NOT_HOTSPOT,morning_shift,7:00,0.11,2,Standard priority zone
Yeshwanthpura,8960145b34bffff,Yeshwanthpura / Cell-4bffff,13.0199518,77.56238665,5,3.5,16.5,21.5,RISING,NOT_HOTSPOT,morning_shift,8:00,0.07,8,Violations RISING — proactive enforcement needed | Peak hour concentration (62%)
